weight,diversity
0.0,0.24092022460120335
1.0,0.2455147792601825
3.0,0.258699625402057
5.0,0.2637555297696963
8.0,0.26184318805462686
10.0,0.2600340607043888
15.0,0.24855060269640358
