weight,diversity
0.0,0.23617949859804607
1.0,0.24425912841356226
3.0,0.2484198536382922
5.0,0.25340697093633935
8.0,0.25469018127062426
10.0,0.25722678818731637
15.0,0.25477660350484904
