{
  "meta": {
    "timestamp": "2026-07-08T16:02:53",
    "device": "cuda",
    "dataset_variant": "10k",
    "root": "data/cartoonset10k",
    "ckpt": "run_full_40k.pt",
    "clf_ckpt": "classifier.pt",
    "attrs": [
      "eye_color",
      "hair_color",
      "face_color"
    ],
    "attribute_dims": [
      5,
      10,
      11
    ],
    "image_size": 32,
    "timesteps": 1000,
    "n_samples": 512,
    "sampler": "ddim",
    "steps": 50,
    "weights": [
      0.0,
      1.0,
      3.0,
      5.0
    ]
  },
  "results": [
    {
      "weight": 0.0,
      "per_attribute": {
        "eye_color": 0.654296875,
        "hair_color": 0.9296875,
        "face_color": 0.693359375
      },
      "mean": 0.7591145833333334
    },
    {
      "weight": 1.0,
      "per_attribute": {
        "eye_color": 0.73046875,
        "hair_color": 0.791015625,
        "face_color": 0.634765625
      },
      "mean": 0.71875
    },
    {
      "weight": 3.0,
      "per_attribute": {
        "eye_color": 0.490234375,
        "hair_color": 0.623046875,
        "face_color": 0.259765625
      },
      "mean": 0.4576822916666667
    },
    {
      "weight": 5.0,
      "per_attribute": {
        "eye_color": 0.44140625,
        "hair_color": 0.650390625,
        "face_color": 0.19140625
      },
      "mean": 0.427734375
    }
  ]
}