weight,eye_color,hair_color,face_color,mean
0,0.59375,0.9375,0.875,0.8020833333333334
1,0.6875,0.96875,0.75,0.8020833333333334
3,0.71875,1.0,0.71875,0.8125
5,0.75,1.0,0.71875,0.8229166666666666
8,0.6875,1.0,0.6875,0.7916666666666666
10,0.78125,1.0,0.625,0.8020833333333334
15,0.71875,1.0,0.59375,0.7708333333333334
